name,abandonment,maintenance.score
pinch_hitter,0,0.9
omniauth-ohloh,1,0.0
popcorn,1,0.1
china_pay,1,0.2
shorts,1,0.2
capybara-user_agent,1,0.1
simple_settings,0,0.3
gitlab_yaml_db,0,0.9
boleto_bancario,0,0.8
metro-ld25,1,0.1
zip_meta,1,0.6
tmux-ruby,1,0.3
ducksauce,1,0.2
clima_tempo,1,0.1
numbered_relationships,1,0.6
motion-pixate,1,0.1
channel_advisor,1,0.1
fullname-matcher,0,0.6
hubtime,1,0.1
migration_investigation,0,1.0
invariant,1,0.0
plur,1,0.0
evaluator,1,0.4
cinch-spotify,1,0.6
hiera-file,0,0.6
pebblescape,1,0.3
going_postal,0,0.4
acts_as_bits,1,0.1
gaigo,1,0.3
sinatra-filtering_parameters,1,0.1
handle_search,1,0.0
fiscal_date,1,0.1
rack-nullsession,0,0.8
rack-geoipcity,0,1.0
smsglobal,1,0.3
fixedfixer,1,0.0
acts_as_pickable,0,1.0
instascraper,1,0.5
chef-handler-updated-resources,0,0.7
nurettin-phantomjs,0,0.7
david-capybara,0,1.0
jrubyfx,0,0.7
libv8-st,0,0.9
rails_admin-lbgraham,0,0.9
arturop-chronic_duration,0,0.9
renren-mobile,0,0.6
queryable_array,1,0.2
referer-parser,0,0.9
pb-will_paginate,0,1.0
thoughtafter-vpim,1,0.8
stepladder,1,0.0
magician,1,0.0
rjack-jdom,0,1.0
lstoll-feedzirra,0,1.0
uci,1,0.4
token_action,0,0.9
juno,0,0.8
kbaum-pickle,1,0.6
ealdent-resque-scheduler,0,0.9
swistak-delocalize,0,1.0
strikeroff-routing-filter,0,1.0
cotweet_koala,0,1.0
secretsharing,0,0.9
lafeber_ckeditor,0,1.0
bosh_vcloud_cpi,0,1.0
sirius-client,1,0.1
cast,0,0.9
yoomee-searchlogic,1,0.7
aihs_devise,0,0.8
pass,0,1.0
nutheory-rack-gridfs,0,0.7
openshift-origin-console,0,0.6
page_navigation,1,0.2
guard-teabag,0,0.9
suicide,0,1.0
jones,0,0.9
colorful-mina,1,0.3
vkhater-redcarpet,0,1.0
cfp,1,0.3
yql,1,0.1
wmainfo-rb,1,0.0
tb,0,0.1
home,1,0.4
hashrocket-mongomapper,0,0.9
git-pulls-updated,1,0.4
drogus-authlogic,0,1.0
we5-pickler,1,0.3
rjack-jms-spec,0,1.0
aq1018-searchlogic,1,0.7
relevance_ipaddress,0,1.0
jerbil,1,0.1
attribute_defaults,1,0.5
rets4r,1,0.0
sinatra-config-file,0,1.0
cucumber-api-steps,0,0.6
gem-edit,1,0.1
watirmark,0,0.7
review,0,1.0
linqr,0,0.8
ETL,1,0.3
sinatra-extension,0,1.0
drnic-pickler,1,0.5
timcharper-jruby-poi,1,0.4
lspace,1,0.0
shouldly,0,1.0
collins_notify,0,0.8
devise_omniauth_fb,0,1.0
enju_trunk_ill,1,0.3
rhodes,0,0.9
middle,1,0.1
sirius-client-core,1,0.1
sirius-client-win32,1,0.3
sunspot_solr,0,1.0
multi_block,1,0.5
ooorest,0,1.0
sockjs,1,0.3
refinerycms-resources,0,0.8
jruby-jars,0,1.0
instagram_geo,0,1.0
divine,1,0.1
josephholsten-rets4r,1,0.5
anp_prices,0,0.1
kbaum-mail,0,1.0
travis-core,0,1.0
jdbc-h2,0,0.9
delayed_job_csi,0,1.0
eye,0,1.0
axiom,1,0.2
rct,0,0.6
djsun-mongomapper,0,0.9
khipu-rails,1,0.0
bio,0,0.7
aspec,1,0.0
pdf2nook,1,0.2
gnome-backlight,0,0.9
work_days,1,0.0
carrierwave-pressplane,0,1.0
activerecord-jdbc-adapter-onsite,0,1.0
rocx,0,0.4
fromation,0,0.9
rha,1,0.1
mnoble-fakefs,0,1.0
enju_trunk_frbr,1,0.4
webbynode-mongo_mapper,0,1.0
PagedList,0,0.7
joshbuddy-guard,0,1.0
realityforge-jekyll,0,0.9
cotweet-bitly,0,0.7
deblank,0,0.6
viglink,1,0.2
websocket-eventmachine-client,1,0.0
logsly,0,0.3
one_sky,1,0.0
nationalweather,0,1.0
pinglish,0,0.9
rhmp,1,0.0
firebase_token_generator,1,0.3
las_reader,1,0.0
cometd-rails,1,0.1
set_counters,1,0.1
cloudability,0,0.9
pummel,1,0.1
repozish,1,0.0
newrelic-httpclient,0,0.9
motion-ocr,1,0.1
rsync,0,0.8
really_simple_captcha,0,0.5
jackad,1,0.0
ayi,1,0.2
bandcamp_api,1,0.1
em-throttled_queue,1,0.1
mongoid-colors,0,0.9
test-mysqld,1,0.0
mobile_view,1,0.2
megaraid-collectd,0,1.0
ruboty-instagram,1,0.2
paramount,0,0.4
ligo,0,1.0
ofx_for_ruby,0,0.9
mr-sparkle,1,0.5
formatted-money,0,1.0
sugar_png,1,0.0
simple_km,1,0.4
fluent-plugin-http-list,1,0.0
webcmd,1,0.1
aub-graticule,0,0.7
laforge,1,0.1
rrschedule,0,0.5
smartcropper,1,0.5
podcast,0,0.9
rubygems-yardoc,0,1.0
yaml_command,1,0.3
trail,0,1.0
puff,0,1.0
deploytracking,1,0.6
acts-as-aggregate-root,1,0.8
better_robots,1,0.4
missing_translations,1,0.2
nested_scaffold,0,0.9
scrapzirra,1,0.1
task-orchestrator.gemspec,0,0.9
raphaeljs-rails,1,0.0
ruby-ares,0,0.7
minitest-focus,0,0.7
rails-backbone-generator,1,0.0
multirb,1,0.2
arbor-atlas,1,0.0
coercible,1,0.3
harmonious_dictionary,0,0.5
omniauth-workxp,1,0.0
wayfinder,1,0.1
ruby-picasa,0,0.5
array_bit_mask,1,0.3
qor_cache,1,0.1
config_generator,1,0.4
ghost_writer,1,0.2
minion_server,1,0.2
rbcurse-experimental,1,0.0
tmdb-easy,1,0.0
ruby-bsdconv,1,0.5
template-switcher,1,0.1
mote,0,0.7
attempt_to,1,0.2
cdnio,0,1.0
glutton_ratelimit,0,0.7
vidibus-user,0,0.7
workflow_sequel_adapter,1,0.1
mctop,0,0.7
sql_record,1,0.2
maillogger,1,0.3
grosser-get_pomo,0,0.6
paginate-responder,0,0.9
obo,1,0.0
acts_as_owner,1,0.7
dogo,0,1.0
oa-codeschool,1,0.0
librato-storm-kafka,0,0.7
copiedbook,1,0.1
scron,0,0.8
country-select,0,0.8
whatlanguage,0,1.0
invisible_captcha,0,0.9
rack-heroku_env,1,0.0
hamsterdam,0,0.6
color_parser,1,0.5
qadmin,1,0.1
jiji,1,0.8
coin_rack,1,0.0
USPS-intelligent-barcode,0,1.0
zlide,0,0.9
sinatra-mustache,1,0.7
jpcalendar,0,1.0
irxrb-rails,1,0.0
js_fixtures,0,1.0
statsn,1,0.0
facade,0,0.8
testgen,1,0.8
tab_builder,1,0.0
corrails,1,0.0
sii_chile,0,0.3
ksync,0,0.8
soap-lc,1,0.0
irs_forms,0,0.7
mar,1,0.0
colorscore,0,0.8
herbalist,1,0.1
metaforce-delivery_method,1,0.0
assert-rack-test,0,0.9
project_honeypot,0,0.8
newrelic-cassandra,0,0.9
cmac,0,0.7
plastic_wrap,1,0.1
test_track,1,0.1
Glitz,1,0.3
simple_presenter,0,0.5
yubikey_database_authenticatable,0,0.8
xiaohuangji,0,1.0
pi_piper,0,0.2
koyomi,0,0.9
stuffed_bunny,0,0.9
tbm,1,0.0
hue-lib,0,0.5
git-up-portertech,0,0.6
image-optimizer,0,1.0
git-webby,0,0.9
has_normalized_attributes,0,0.7
phuby,0,0.5
ntxt,1,0.2
minispec-metadata,0,0.8
mac_vendor,0,0.7
omega,1,0.1
rack-linkeddata,0,0.5
rbgccxml,1,0.2
guard-shotgun,0,0.8
here_places,0,0.9
rack-health,0,0.7
yinum,1,0.5
uuid_validator,0,0.3
redis-record,1,0.5
month,0,0.7
spree-api-client,1,0.6
highrise_assist,1,0.0
rb-blink1,1,0.1
maclight,0,1.0
acts_as_hashish,1,0.3
youtube_addy,1,0.0
loopiator,0,0.6
gitlab_omniauth-ldap,1,0.4
eric,1,0.0
fspath-xattr,1,0.5
glyph,1,0.7
sloe,0,0.6
lathe,1,0.1
versioned_seeds,1,0.5
vagrant-butcher,1,0.4
ruby-measurement,0,0.7
guard-concat,0,0.5
rrrretry,1,0.1
win32-file-attributes,0,0.5
omniauth-fitbit,0,1.0
days,0,0.7
blankblank,0,0.4
figure_set,0,0.4
redis_scripts,0,1.0
omniauth-behance,1,0.2
lazy_columns,0,0.9
google_plus_archiver,0,0.8
pixbufutils,1,0.7
rack-revision,1,0.3
dr-ffi-proj4,0,0.8
image_optimizer,1,0.1
smtp_url,1,0.0
vagrant-multi-putty,0,0.7
space-saver-redis,1,0.1
amqpop,1,0.0
rack_fake_s3,1,0.1
carrierwave-webdav,1,0.1
backbone-deep-rails,0,1.0
vcloud-rest,0,0.8
paperclip-riak,1,0.0
rails_admin_globalize,1,0.2
haproxy_log_parser,1,0.2
rsocialize,0,0.5
pwrb,0,0.5
hexy,0,0.8
url_validation,1,0.2
persistent_http,1,0.3
pretty_face,0,0.5
cubism-rails,0,0.8
PD_x12,0,0.7
task-orchestrator,0,0.8
hubdown,0,0.2
pry-meta,1,0.3
shalmaneser,0,0.8
mongoid_vote,1,0.7
parallel_http,1,0.0
zucker,0,0.7
models_timeline,1,0.0
chef-resolver,0,0.7
omnibot,0,1.0
rest_connection,1,0.9
beetle,0,0.6
remedy,0,0.4
saxon-xslt,0,0.6
typescript-src,0,0.9
adept_dynamoid,0,0.6
jscolor-rails,1,0.0
rjack-protobuf,0,0.8
mailparser,0,0.7
can_flag,1,0.0
pagerduty-sonian,0,0.7
vim-surround,0,0.7
lessr,0,1.0
random_sources,0,0.6
merge_strings,0,0.7
active_diigo,0,1.0
yahoo_currency,1,0.1
zipcodecoords,1,0.7
mapper,1,0.0
ruby-pardot,0,0.5
tarai,1,0.1
steenzout-dao,1,0.1
javaeye4r,0,0.7
bconv,0,0.5
ip_methods,1,0.0
sinatra_autoload,1,0.1
circuit_b,1,0.0
omniauth-tumblr,0,0.0
fifo-cache,0,0.5
draft,1,0.0
dolzenko-default_value_for,0,0.8
c3-activerecord-oracle_enhanced-adapter,0,1.0
RubySunrise,1,0.1
knife-kvm,0,0.7
mkmf-lite,0,1.0
fcoury-gmail,1,0.1
temporaries,0,0.9
its-it,0,0.8
detabulator,1,0.4
bitlove-ruby_bosh,1,0.4
s3ckup,0,0.6
fio_api,0,0.8
gruby,1,0.4
boomerang-mocksmtpd,1,0.5
pig-spec,1,0.0
exception_master,1,0.1
simple-chmod,1,0.5
rfc2047,0,0.2
rdf-redstore,1,0.4
imitator_x,0,1.0
spree_user_groups,1,0.6
giropay_stalker,1,0.1
railhead_handlersocket,1,0.1
css_primer,1,0.1
swishe,1,0.1
caesar,1,0.2
rabbitmq-service-util,1,0.2
prevent_destroy_if_any,1,0.0
mhackmd_dock,0,1.0
oh,1,0.4
jpegoptim,0,0.9
loaderio,1,0.1
gqtp,0,0.4
winsome_wolverine,0,0.9
fauna,0,0.8
t,0,0.9
can_has_state,0,1.0
mr_eko,0,0.9
dotiw,0,1.0
chillfile,1,0.7
huey,1,0.2
can_has_validations,0,1.0
forever,0,0.5
infect,0,0.5
face,0,0.9
passbook-ios,0,0.7
rails_semantic_logger,0,0.7
earl-report,0,0.8
mac_generators,0,0.4
aquaticprime,0,0.9
percentage,1,0.6
trejo,1,0.7
transip,1,0.3
filterism,1,0.1
unicorn-worker-killer,0,0.8
kraken-io,0,0.8
ruby_regex,0,0.9
pocket-ruby,1,1.0
pd,1,0.2
akero,0,0.4
sidekiq_status,0,0.6
hyakunin-issyu,0,0.5
sanitize-rails,0,1.0
challah-facebook,1,0.1
eloqua_api,0,0.6
mail_room,0,0.9
jsend-rails,1,0.4
jruby_mahout,0,0.7
jsgf,0,0.4
cone,1,0.0
fukung,1,0.4
cuke_sniffer,0,0.8
cardboard,0,0.9
twitter-bootstrap-calendar,0,0.8
spanish_inquisition,0,0.4
trinidad_sqlite_dbpool_extension,1,0.5
jekyll-pagination,1,0.0
count,0,0.9
pump,1,0.4
decent_decoration,1,0.0
activesupport-db-cache,1,0.1
motion-resource,1,0.1
paranoid2,1,0.0
ruby-anything,1,0.1
tbk,0,0.8
widget_list,1,0.3
bootstrap-modal-rails,1,0.3
notation,0,0.7
linguist,0,0.7
configurate,0,0.4
switch_access-rails,1,0.2
upyun,0,0.3
mongoid-undo,0,0.4
webfontloader,0,1.0
testflight,1,0.1
paypal-sdk-core,0,0.4
patterns,1,0.2
rspec-console,0,1.0
rails_enterprise_setup,0,0.7
devise_lastseenable,0,0.5
nerve,0,0.7
banzai,0,1.0
jquery-smooth-scroll-rails,1,0.0
gpa,1,0.3
nestive,1,0.6
pry-nav,1,0.4
keynote,1,0.4
easystats,1,0.7
webhookr,1,0.1
mongoid-tags,0,0.7
steam_location,1,0.3
emblem-rails,0,0.7
shoulda-callback-matchers,0,0.9
acts_more_seo,0,0.7
git_go,1,0.0
sinatra-asset-snack,1,0.0
devise_uid,1,0.0
fastui,0,0.6
kiik-api,1,0.3
pkgwat,1,0.1
ar_lock,1,0.1
nap,0,0.4
route_downcaser,0,0.8
page_title_helper,0,0.5
auom,0,0.5
api_versioning,1,0.0
rss_detector,0,0.8
travis-artifacts,1,0.1
flight-for-rails,0,0.0
fraternity,1,0.4
trello_effort_tracker,1,0.7
fantasy-irc,0,0.6
bremen,1,0.1
ocrsdk,1,0.0
knife-tar,1,0.1
pvc,1,0.0
isbn_validation,0,0.8
middleman-s3_redirect,1,0.1
webhookr-mailchimp,0,0.4
npr,0,0.5
double_double,0,0.6
spiel,1,0.1
rspec-pride,0,0.8
appsignal-moped,0,0.5
email_reply_parser,1,0.2
ellington,1,0.6
devise_masquerade,0,1.0
post_office,0,0.6
ses-proxy,0,0.8
attr_accessible_block,0,0.8
daybreak,0,1.0
SgfParser,0,1.0
spotlite,0,0.2
hue,0,0.5
pixiv,0,0.3
holiday_japan,0,0.7
xxhash,0,1.0
guard-bundler,0,0.6
auto_response,1,0.9
utf8_validator,0,0.9
mkv2m4v,0,0.9
nugrant,0,0.8
rna,0,0.4
ingamer_rhc,1,0.3
redis_vars,1,0.1
fb_graph-mock,1,0.3
guard-sprockets,0,0.5
haproxy,1,0.2
rack-jsonp,1,0.3
qwester,0,0.8
message_router,1,0.6
rack-store,0,0.4
encrypted_cookie,1,0.0
stevedore,0,0.9
ablerc,0,1.0
sonos,1,1.0
thornbed,1,0.0
klout,1,0.0
sshkit,0,1.0
sql-logging,0,0.4
chef-zero,0,0.8
breadcrumble,0,1.0
jaconda,1,0.2
golr,0,0.4
simple_validation,0,0.8
foodcritic,0,0.9
ruby-mpd,0,0.7
puppet-blacksmith,0,0.7
android-adb,1,0.6
topojson-rails,0,0.5
wordmove,0,1.0
state_jacket,1,0.1
digest-crc,1,0.0
use,1,0.9
synchrotron,1,0.3
git-duet,0,0.4
memory_model,0,0.8
multi_xml,0,0.9
similar,1,0.9
nanoc-toolbox,1,0.5
event_bus,1,0.4
dkim,1,0.8
transmission_api,1,0.1
inkwell,1,0.3
recaptcha,0,1.0
gem-ctags,0,0.9
iso639,0,0.5
epp-client,0,0.3
redic,0,0.6
ki-repo,1,0.2
gst-kitchen,1,0.1
mongoid_denormalize,0,1.0
puppet-catalog-test,0,1.0
render_csv,0,0.9
hike,1,0.8
innodb_ruby,0,1.0
geo_calc,0,0.8
i18n_tools,1,0.1
zabbixapi,0,0.7
polyrex-object-methods,1,0.4
olive,1,0.0
omni_kassa,0,0.5
sinatra-router,1,0.1
bossan,1,0.4
mongoid-shell,0,0.6
dalli-elasticache,0,0.9
animate-rails,0,1.0
cross-stub,0,0.9
toggle,1,0.0
geonames_local,0,0.8
knife-zcloudjp,0,0.4
malloc,0,0.7
hello_sign,1,0.0
expedia,0,1.0
accumulators,1,0.1
oink,0,1.0
oplop,1,0.9
frivol,0,0.9
sly,1,0.1
gearman-ruby,1,0.8
heroku-forward,0,0.8
boom,1,0.3
heroku-deflater,0,0.9
x-editable-rails,0,0.9
elasticsearch_autocomplete,0,0.8
finance,0,1.0
id3tag,0,0.7
cutest,0,0.9
cranky,0,1.0
gilenson,1,0.3
fluent-plugin-hbase,1,0.1
rdoc-babel,0,0.8
cityhash,1,0.8
nike_v2,1,0.2
rdf-spec,0,0.8
sidekiq-throttler,0,1.0
junkie,0,1.0
dumpdb,0,0.8
quo_vadis,0,1.0
neography,0,0.8
anima,0,0.9
hiera-http,0,0.7
minion,0,0.9
auto_sprite,0,1.0
suku,0,0.4
ovh_soapi,1,0.0
humanizer,1,0.7
tray-checkout,0,0.6
isbn,1,0.2
dubdubdub,1,0.1
mlb,0,0.9
crossfilter-rails,1,0.3
agile_serializer,0,0.6
ahc,1,0.1
branches,1,0.3
eu_central_bank,0,1.0
rubycas-client,1,0.2
flt,0,0.8
pwrake,0,0.5
redis-sentinel,0,1.0
cobot_client,0,0.7
tenanfy,1,0.0
fastlib,1,0.7
safe_yaml,1,0.3
memegen,1,0.9
open_uri_redirections,1,0.3
nyancat,1,0.3
rspec-puppet-augeas,1,0.3
tune,1,0.7
uploads,1,0.3
mongoa,0,0.5
paypal-express,0,0.9
bytes_converter,1,0.0
rss2mail,0,0.8
r10k,0,0.9
firering,1,0.7
active_enum,1,0.1
password_strength,0,0.8
s3io,0,0.9
consistency_fail,0,0.8
galetahub-enum_field,0,0.6
rusen,0,0.7
brice,0,0.5
temple,0,0.6
puppet-lint,0,1.0
lego,1,0.5
iso8583,0,0.8
duct_tape,1,0.2
mws-connect,1,0.0
russian_phone,0,0.9
guard-migrate,1,0.9
groonga-query-log,0,0.3
missing_validators,0,0.9
geoplanet,1,0.1
crc32,1,0.4
rgl,0,0.7
magic,0,0.6
ipa,0,0.8
sinatra-partial,0,0.9
interact,1,0.2
apify,1,0.6
ooor,0,0.9
ar_mysql_flexmaster,0,0.3
bio-signalp,1,0.2
eycap,1,0.6
fluent-plugin-suppress,1,0.0
tunnelss,0,0.8
defaulter,1,0.1
capistrano-autoscaling,1,0.0
abstract_graph,1,0.3
prop,0,0.2
rack-rewrite,0,0.5
akami,0,0.7
rails-dev-tweaks,1,0.0
schema_validations,0,0.6
flippy,1,0.1
admin_interface,1,0.3
sketchily,1,0.5
test_dummy,1,0.2
async-rails,0,0.5
dev_panel,0,0.5
sauce,0,0.9
rdio-cli,0,1.0
pws,1,0.5
diddy,1,0.0
domp,1,0.5
webmachine,0,1.0
konacha-chai-matchers,0,0.7
carrierwave-mongoid,0,1.0
omniauth-facebook-access-token,1,0.1
view_source_map,0,1.0
motion-yaml,0,0.7
ruby-plsql,0,1.0
record-cache,0,0.7
sendgrid_toolkit,0,0.6
ga_events,1,0.2
dossier,0,0.5
larch,0,0.9
mail,0,1.0
gless,1,0.0
rspec-cramp,1,0.1
faker,0,0.8
puppet-parse,1,0.2
jpmobile,0,1.0
hoe-git,1,0.5
minitest-given,0,0.5
capistrano-db-tasks,0,1.0
multi_mail,0,0.6
teabag,0,1.0
imgsrc,1,0.4
rbatch,0,1.0
turn,1,0.5
iphone_helpers,1,0.2
graymatter,1,0.2
the_country_identity,0,0.5
octopress-codefence,0,0.2
config,0,1.0
fb,1,1.0
gitbak,1,0.0
rack-wwwhisper,0,0.6
i18n_data,0,1.0
resque-status,1,1.0
slurper,1,0.1
xml-mapping,1,0.4
ncursesw,0,0.5
md2review,0,1.0
killbill,0,0.8
git-review,0,0.2
flexi_generators,1,0.9
open311,0,1.0
omniauth-trello,0,0.7
sssmoke,0,0.9
git-switcher,1,0.6
slodown,0,0.6
questionable_surveys,0,0.9
carmen,0,0.9
gpgme-ffi,0,0.8
factory_girl_rails,0,1.0
windows-pr,1,1.0
cf-uaa-lib,0,0.7
danmayer-resume,1,0.5
rqrcode-with-patches,0,0.7
memprof,1,0.7
desi,1,0.6
prathe_devise_ldap_authenticatable,0,0.7
gnuplot,0,1.0
term-ansicolor,1,0.0
waiter,1,0.0
cf-uaac,0,1.0
esx,1,0.3
slanger,0,0.9
pdf-inspector,0,0.6
middleman-favicon-maker,0,0.7
qu-mongo,1,0.0
actionview-encoded_mail_to,0,1.0
listable,1,0.0
spreedly,0,0.7
arel,0,1.0
retter,1,0.1
leaflet-markercluster-rails,1,0.5
wait,1,0.3
pcaprub,0,0.7
gmail_xoauth,1,0.1
redis_orm,1,0.1
klogger,0,0.8
spanish_number,0,0.7
firefly,0,0.9
gibbler,1,0.8
totem,0,0.6
html_massage,1,0.4
a9n,0,0.7
workqueue,1,0.4
whois,0,1.0
spitball,0,1.0
health_graph,0,0.8
ruby2ruby,0,0.8
sage_one,1,0.0
heroku_resque_autoscaler,0,0.4
duplicati,1,0.1
feature,0,0.8
yggdrasil,1,0.2
with_advisory_lock,1,0.4
linkage,0,0.3
coin,1,0.0
active_scaffold_sortable,0,0.3
fox,1,0.1
ZenTest,0,0.5
jvectormap-rails,0,1.0
esnek,1,0.9
entypo-rails,0,0.8
governor,1,0.1
equalizer,0,0.7
brcobranca,0,0.8
hanzi_to_pinyin,1,0.1
tries,1,0.5
grooveshark,0,0.7
rack-environmental,0,1.0
sdoc,0,1.0
accentless,1,0.3
rails-perftest,0,0.7
vagrant-pe_build,0,1.0
paperclip-googledrive,0,0.9
simple_oauth,1,0.3
rockstar,0,1.0
docurium,0,0.9
easy_captcha,0,0.7
tdd,1,0.5
cpanel,0,0.7
acts_as_singleton,1,0.6
hoe-seattlerb,1,0.6
coderay,0,1.0
binman,0,0.9
databasedotcom,0,1.0
ey_api_hmac,1,0.0
el_finder,0,0.7
rails3_acts_as_paranoid,1,0.7
vacuum,0,0.5
fastly,0,0.9
heroku-headless,0,1.0
faraday-conductivity,1,0.6
sinatra-contrib,0,1.0
meta_request,0,1.0
stomp,0,1.0
knife-ec2,0,1.0
archive-zip,0,0.7
gaston,1,0.3
usefull_scopes,1,0.1
rqrcode,0,0.9
party_foul,0,0.9
graticule,0,0.4
sinatra-export,0,1.0
lono,0,0.8
guard-preek,1,0.1
paloma,0,0.7
bootstrap-daterangepicker-rails,0,0.9
ruby-sfst,0,0.8
cinch_hangman,1,0.9
rich,0,1.0
rack-protection,0,0.7
hairtrigger,0,0.4
geographer,0,0.3
sorter,0,0.6
ofx,1,0.1
beer_in_the_evening,1,0.1
wapiti,1,0.5
oa-core,0,1.0
poniard,1,0.0
genmachine,1,0.6
ncbo_annotator,0,0.3
requirejs-rails,0,1.0
nyan-cat-formatter,1,1.0
request_store,0,0.9
jruby-openssl,0,0.7
motion-support,0,0.8
project_templater,1,0.0
haproxy-tools,1,0.7
sanitize,0,0.9
map,0,0.7
smart_asset,1,0.2
httpimagestore,0,0.4
jdbc-helper,1,0.6
netscaler,0,0.8
fluent-plugin-anomalydetect,0,0.5
activewarehouse-etl,1,0.9
capistrano-helpers,0,0.8
omniauth-odnoklassniki,0,0.6
buzzcore,1,0.5
by_star,0,0.9
rest_in_place,0,1.0
brightbox-server-tools,0,0.9
tesseract-ocr,0,0.9
mongoid_shortener,1,0.9
quickbooks_web_connector,0,0.8
israkel,1,0.3
ipa_reader,1,0.0
paypal-sdk-adaptivepayments,0,0.4
paypal-sdk-adaptiveaccounts,0,0.6
paypal-sdk-buttonmanager,0,0.8
paypal-sdk-invoice,0,0.7
j7w1,1,0.2
epodder,1,0.5
ucb_ldap,1,0.3
pkcs11,0,0.5
clutil,0,0.9
nominet-epp,1,0.5
redshift,1,0.7
setler,0,0.6
gridster-rails,0,0.9
steamcannon-aws,0,0.6
gelf,0,0.9
win32-loquendo,1,0.1
d3js-plugins-rails,0,0.8
watirgrid,1,0.6
deploify,1,0.0
jruby_sandbox,1,0.0
gsl,0,0.6
egregious,0,0.7
multi-select-rails,1,0.3
stead,0,0.9
phantomjs-binaries,0,0.8
collectd,1,0.6
rails_new,1,0.1
http_client,1,0.2
pnotify-rails,0,1.0
mobilize-base,1,0.1
rake-compiler,0,0.9
nake,0,0.9
silencer,0,0.9
neat-compass,0,1.0
gecoder-with-gecode,1,0.5
gccxml_gem,1,0.2
curly-templates,0,0.4
capistrano-buildpack,1,0.3
chipmunk,0,1.0
betty_resource,0,0.7
midi,1,0.6
mbbx6spp-twurl,0,0.7
cuba-sugar,0,0.6
glennr-email_spec,0,1.0
gravis-searchlogic,1,0.7
authlogic-rails3,0,0.9
path-will_paginate,0,1.0
foremancli,0,0.7
opsb-delayed_job,0,1.0
spree_active_shipping,0,0.9
delayed_job_mongoid_beta_compatible,0,0.8
nirvdrum-amazon-ec2,1,0.3
mrpunkin-flickr_fu,0,1.0
kdtree,1,0.0
discount,0,0.7
active_scaffold_san,1,0.2
thaold-bullet,0,1.0
claudiob-lastfm,0,1.0
staugaard-rpm_contrib,1,0.3
webbit-jars,1,0.6
penso-feedzirra,0,1.0
moretea-awesome_nested_set,0,1.0
sendgrid-rails,0,0.9
cheddargetter_client_ruby,0,0.9
promise,0,0.9
active_scaffold_duplicate,0,0.9
entity_storage,0,0.8
ladle,1,0.2
grep-fu,1,0.4
madmimi-bernardo,0,0.6
pivotal_git_scripts,0,0.7
vincenty,0,0.9
bacon-bits,1,0.4
uri_parser,0,0.2
immutablebox,1,0.2
brightbox,0,0.8
activevalidators,0,0.9
xlsx_writer,0,0.5
wiselinks,1,0.1
astrotrain,1,0.5
carrierwave,0,1.0
dot_hash,1,0.0
rabbitmq_http_api_client,0,0.7
mkgitignore,0,0.9
shrimp,1,0.3
schema_to_scaffold,0,0.8
audit_rails,0,0.8
pull,1,0.0
squash_javascript,0,0.5
tache,0,0.9
boarding_pass,1,0.2
simple_cms,1,0.0
migrer,1,0.1
webfinger,0,0.5
rails_meta_tags,0,0.7
squash_ruby,0,0.8
squash_rails,1,0.0
inteltech_sms,1,0.1
ipcat,0,0.6
newrelic-grape,0,1.0
baby-braspag,0,0.5
protected_attributes,0,1.0
metrognome,0,0.7
spamspanify,0,1.0
inflecto,1,0.2
wanikani,0,0.8
ripper-tags,0,1.0
sir-trevor-rails,0,0.5
hacker_term,1,0.4
dropcam,0,0.8
accessibility_core,0,0.9
rails-theme-helper,1,0.0
tempfile_for,1,0.1
provise,1,0.2
fluent-plugin-zabbix,0,0.6
jbundler,0,0.7
simple-pages-rails,1,0.0
instrumentable,1,0.1
fluent-plugin-flatten,0,0.6
feralchimp,0,0.4
humanity,1,0.1
boardgame,1,0.2
active_model-better_errors,1,0.5
better_errors,0,0.9
workers,0,0.9
carrierwave-imageoptimizer,0,0.8
activerecord-define_nils,0,1.0
world,0,1.0
naturally,0,0.9
rails_errors2html,0,1.0
rails_view,0,1.0
lucid,1,0.4
raptorize-rails,1,0.0
translation_center,1,0.7
active_collab,1,0.0
bashcov,0,1.0
open-nlp,1,0.5
grape-entity,0,1.0
typescript-node,0,0.9
hipbot,0,0.8
growthforecast,0,1.0
fulcrum,0,0.9
epp-eis,1,0.4
view_assets,1,0.6
rack-action,0,1.0
resubject,1,0.3
stormpath-sdk,0,0.7
active_filter,1,0.3
storyboard,1,0.1
orchestrated,0,0.3
equatable,0,0.8
simple_gravatar,0,1.0
retina_rails,0,0.6
chef-helpers,1,0.5
frontendeditor,1,0.2
lelylan-rb,0,0.6
rails-observers,0,0.9
csvkit,1,0.1
idem,1,0.2
impala,1,0.3
stat_board,0,0.5
errors-renderer,1,0.1
s3_multipart,1,0.4
json-ld,0,0.5
teamocil,0,0.1
marcosgz-cap-recipe,1,0.0
clipper,0,0.6
mgem,0,1.0
valid_attribute,1,0.9
degu,0,0.5
ranked-model,1,0.0
html_mockup,1,0.2
terminal-table,0,0.6
should_be_faster,1,0.6
new,1,0.2
itu_codes,0,0.9
hazel,0,0.8
anomaly,1,0.7
pillboxr,1,0.2
autocomplete_for,0,0.9
pmap,0,0.8
bindery,1,0.6
powerbar,0,0.9
ar-orderable,1,0.0
arbre,0,1.0
GeoRuby,0,1.0
oga,0,0.4
psych,0,0.9
paypal-sdk-merchant,0,0.9
jubilee,0,0.6
nobrainer,0,1.0
expect4r,1,0.6
brightcontent-pages,0,0.8
brightcontent,0,0.9
qtbindings,0,0.9
morrisjs-rails,1,0.3
dusen,0,0.5
rjack-jetty-jsp,0,0.8
stretcher,0,0.3
redcarpet,0,1.0
awesome_nested_set,0,1.0
socialcast,0,1.0
sourcify,0,0.8
tiny_tds,0,0.9
lastfm,0,1.0
gaptool-server,0,0.9
mongomodel,0,0.6
negroku,0,0.4
domain_name,0,0.8
restfully,0,0.8
autoprefixer-rails,0,0.8
ngmoco-cache-money,1,0.5
xero_gateway,0,0.8
resque_spec,0,1.0
utils,0,1.0
rubygems-bundler,1,0.0
tweetlr,1,0.1
fech,0,0.7
croudia,1,0.1
mouse,1,0.2
delorean_lang,0,0.8
locomotive_plugins,1,0.6
net-ldap,0,1.0
hbase-jruby,0,1.0
cmess,1,0.6
libxml-ruby,0,0.7
rmagick,0,0.6
win32-api,1,0.2
fig,0,1.0
fig18,0,1.0
padrino-admin,0,1.0
mysql2,0,0.9
gosu,0,1.0
cassandra,1,0.4
jenkins-plugin-runtime,0,0.9
capifony,0,1.0
cauterize,0,0.6
retriable,0,0.9
mobilize-ssh,1,0.1
kiteditor,0,0.7
bootstrap-datetimepicker-rails,1,0.4
seeing_is_believing,0,0.9
scss-lint,0,0.9
tarantool-record,0,0.9
ricque,1,0.1
backbone-forms-on-rails,0,0.8
omniauth-cmply,1,0.7
tairu,0,0.8
rjack-zookeeper,0,1.0
dball-mail,0,0.9
librarian,1,0.2
rbbt-text,0,0.7
be9-awesome_nested_set,0,1.0
km-psych,0,0.9
wulffeld_kaminari,0,1.0
tism-will_paginate,0,1.0
ravendb,0,1.0
kurowski-patron,0,0.8
vim-nerdtree,0,1.0
ruby-fifo,0,0.7
piggly,0,0.7
judit-pickle,1,0.6
sensis-formtastic-rails3,0,0.9
fagiani-jekyll,0,0.9
remote_table-ruby19,0,0.6
morph-sdoc,0,0.9
css_parser_1.1.0,0,1.0
seisuke-whenever,0,0.9
edwardsa-acts-as-taggable-on,0,1.0
focused-test,0,0.9
zozo,1,0.6
para,0,0.4
shingara-devise,0,1.0
periodic,0,0.9
golem_statemachine,0,0.3
gjastrab-evergreen,1,0.9
ninject,0,1.0
acts-as-taggable-on-simonwh,0,1.0
dotless,0,1.0
opsb-email_spec,0,1.0
spree_social,0,0.9
fog-dragonfly,0,0.9
rtomayko-rdiscount,0,0.9
kaiwren-patron,0,0.9
kb-authlogic,0,1.0
capybara-screenshot-nocolor,0,1.0
fancy,1,0.6
rugged,0,1.0
ivanvc-devise,0,1.0
subcommand,0,0.9
nagios,1,0.0
amq-protocol,0,0.8
rag,1,0.2
vidibus-versioning,0,0.7
goodreads,0,0.8
miniskirt-mongoid,0,0.5
smith,0,0.7
guard-yard,1,0.2
chef-rundeck,0,0.6
remote_syslog,0,0.9
rgeo-geojson,0,0.9
kontoapi-ruby,1,0.4
clap,1,0.1
bing,1,0.2
adapter,0,0.6
rjack-nekohtml,0,0.8
io-extra,1,0.5
log-me,0,0.7
chute,0,0.6
linkedin2,1,0.2
lineage,0,0.6
license-generator,1,0.8
senha,0,0.9
vlad-extras,1,0.0
kpeg,0,0.7
has_vcards,1,0.1
abstract_class,1,0.4
trollied,1,0.2
yellowlab-princely,0,1.0
rltk,0,0.7
email_validation,1,0.4
buftok,1,0.0
guard-nanoc,0,0.4
inkscape_merge,0,0.5
base32_pure,1,0.0
osub,1,0.1
grant,0,0.3
markerb,0,0.9
thinreports,0,0.9
PageRankr,0,0.9
mongoid_token,0,0.9
text_captcha,0,1.0
got_fixed,1,0.1
spy,0,0.9
feed_satisfaction,1,0.0
mtrc,0,0.7
wbxml,1,0.1
crash-watch,0,0.9
rubystats,0,0.4
impressionist,0,1.0
aua,0,0.6
easy_diff,0,0.8
opentok,0,1.0
ttfunk,0,1.0
entity-storage,0,0.6
photo_mini_fb,0,1.0
ruby-tmdb,1,0.4
acts_as_votable,1,1.0
shop,1,0.6
db2fog,0,0.5
rfusefs,0,0.9
vines,1,0.5
tenacity,1,0.8
possessify,1,0.0
ParseTree,1,0.3
palett,1,0.0
keyring,0,0.5
sequel_pg,0,1.0
image_spec,1,0.0
rjack-xerces,0,0.9
toast,0,0.2
twurl,0,0.9
monocle,1,0.2
ulmul,1,0.8
library_stdnums,1,0.0
all_sorts,1,0.3
puret,1,0.0
nats,0,0.9
typeout,0,0.7
google-search,0,0.8
rack-accepts,1,0.1
rump,1,0.0
symbolize,1,0.1
simplificator-billboard-api,0,0.3
pubnub-ruby,0,0.5
profiles,1,0.1
the_little_streamer,1,0.3
acts_as_multipart_form,1,0.0
bbq,1,0.6
mislav-will_paginate,0,0.9
spree_address_book,0,1.0
cylon,1,0.3
email_validator,0,1.0
signal_tools,0,0.7
rtsp,0,0.7
banklink_lv,1,0.2
transloadit-rails,0,1.0
grempe-amazon-ec2,1,0.4
simpleidn,0,0.7
linguist_ruby,1,0.1
redis-settings,0,0.4
minitest-rg,0,0.6
marcandre-backports,0,0.7
eventable,1,0.4
rails_kindeditor,0,1.0
win32-event,0,0.9
phashion,1,0.8
vidibus-words,1,0.3
sunrise-cms,1,0.7
sinatra-subdomain,0,0.8
onstomp,0,0.7
jm81-paginate,1,0.8
yourls,1,0.0
flickraw,0,1.0
ftp_deploy,1,0.0
revo-seed-fu,0,1.0
nbt_utils,1,0.3
rsec-ext,0,0.6
gotime_aws,0,0.7
aspector,0,0.6
i18n_viz,0,0.9
pbkdf2,1,0.3
fspath-mac,1,0.8
lumberjack,0,0.8
gemma,0,0.7
rMeetup,1,0.5
mjfreshyfresh-contest,0,0.9
dialable,0,0.7
ritual,1,0.8
to_regexp,0,0.8
bacon,0,0.9
memoizable,1,0.0
rbhive,0,0.9
delayed_job_shallow_mongoid,0,0.8
nendo,1,0.7
fspath,1,0.7
greeb,1,0.9
gcstats,0,0.6
tictoc,1,0.2
dirty_history,1,0.0
dns-zonefile,0,0.4
snort-rule,1,0.3
iso-codes,0,1.0
wijet-thor,0,1.0
mongoid-devise,0,1.0
dcu-devise,0,1.0
path-email_spec,0,1.0
dmitryv-backup,0,1.0
ve,0,0.9
samlown-couchrest,0,0.8
tokenizer,0,1.0
lperichon-devise_invitable,0,1.0
merbjedi-compass,1,0.3
mac_bacon,0,0.5
tpitale-mongo_mapper,0,1.0
idsign-more,0,1.0
atomy,0,1.0
ruboto,0,0.9
thorsson-mongo_mapper,0,1.0
wakame-vdc-dcmgr,0,1.0
rails31-evergreen,1,0.8
social2social,1,0.5
github-widget,1,0.0
email_spec-tricycle,0,1.0
oahu-dragonfly,0,0.9
kbaum-resque-retry,0,1.0
searchlogic-heroku,1,0.7
dawanda-sqlite3,0,0.9
sundbp-whenever,0,0.9
whatToDo,1,0.0
simple-pages,0,0.9
machinator,1,0.8
pirj-sinatra-contrib,0,1.0
robsharp-flickr_fu,0,0.9
geokit-rails,0,1.0
rsl-stringex,0,0.9
rgrove-sanitize,0,1.0
booleanize,0,0.3
jnunemaker-mongomapper,0,0.9
knife-audit,0,0.3
streamly,1,0.2
glebm-sanitize,0,1.0
hierarchical_config,0,0.1
yahoo_stock,1,0.5
visionmedia-terminal-table,0,0.8
syrup,0,0.7
version_fu,1,0.1
unshorten,0,0.7
vidibus-permalink,0,0.9
mobi,0,0.6
mdify,0,1.0
rdp-win32screenshot,0,0.9
digest-tiger,0,0.6
mondrian-olap,0,0.8
ruby-metrics,1,0.2
structure,0,1.0
ruby-shadow,0,0.3
and-son,0,0.5
gandi,0,0.7
termup,1,0.8
tux,1,0.0
zeppelin,1,0.0
active_blog,0,0.4
torrentsync,0,0.5
rlid,1,0.4
braid,0,0.7
simply_useful,1,0.7
bicho,0,0.6
otto,1,0.5
gecoder,1,0.6
memflash,0,0.7
rxfhelper,0,0.8
slideshowpro,0,0.9
compass,1,0.0
jsduck,0,0.7
afm,1,0.1
parslet,0,0.2
cocaine,0,0.8
cldwalker-hirb,1,0.5
logglier,0,0.8
notifier,0,0.8
browser_detect,1,0.4
ruby-s3cmd,0,0.5
railsless-deploy,1,0.1
ripl,0,0.8
zendesk_remote_auth,1,0.4
rkerberos,0,0.6
rack-statsd,1,0.3
rubango,1,0.0
resto,1,0.9
harby,0,1.0
distribution,0,0.3
bbcoder,0,0.7
ayl,0,0.6
gmail-afurmanov,1,1.0
railhead_sanitize,1,0.3
shuber-interface,1,0.5
filesize,0,0.7
acme,0,0.6
truncate_html,0,0.9
dynamic_fieldsets,1,0.0
rb_webcam,0,0.5
ayl-rails,0,0.6
omniauth_crowd,0,1.0
jk-ferret,0,0.7
mongar,0,0.9
public_activity,0,1.0
bart,0,0.8
googlestaticmap,1,0.0
lolcat,0,1.0
js-routes,0,0.9
jamster-statsd,0,1.0
generator_spec,1,0.9
mm_geoip,1,0.4
resque-fairly,1,0.0
json-stream,1,0.0
nasl,0,0.8
esendex,0,0.6
carrierwave-sequel,0,0.8
decimal,0,0.7
delayed_acts_as_geocodable,0,0.7
sass-globbing,0,0.7
mv-test,1,0.1
preflight,0,0.9
codeplane,1,0.5
opsb-git,0,0.9
suby,0,0.5
humane-rails,1,0.3
ammeter,0,1.0
watir-webdriver-performance,1,0.1
wip,1,0.2
wherex,1,0.6
timely,0,0.4
transloadit,0,0.6
semver2,0,0.9
scorm_cloud,1,0.2
assert_json,0,0.9
ystock,0,0.7
cinch-basic_ctcp,0,0.9
closure,0,0.7
rhaproxy,1,0.0
rjack-jms,0,0.8
dfp_helper,1,0.3
gsmetrics,1,0.3
cxxproject,1,0.5
sc-docs,1,0.1
ruby-rtf,0,1.0
simplecov-rcov-text,0,0.4
swearjar,0,1.0
google-qr,1,0.0
net-ntp,1,0.3
serenity-odt,0,0.6
cauldron,0,0.5
sanultari-growl,1,0.2
domainr,0,0.5
headless,0,0.9
digitalpardoe-rflickr,0,0.3
rails-dev-boost,0,0.8
active_record_mutex,0,0.4
clarify,0,0.3
szilm-validates_timeliness,0,1.0
h,0,0.9
github-shush,1,0.6
erb2haml,0,0.8
em-socksify,0,1.0
google_maps_geocoder,0,0.6
itunes-receipt,1,0.5
rack-useragent,1,0.0
localdev,1,0.4
mini_memory_store,0,0.9
holetse-linkedin,0,1.0
nazca,0,0.9
quantize,0,0.8
url_store,1,0.5
dinero_mail_ipn,1,0.2
simple_captcha2,0,0.7
basecamp,0,0.9
memorable_password,0,0.8
datatrans,0,0.4
intrusion,1,0.2
spreadsheet_on_rails,1,0.3
activerecord_null_object,0,0.6
ccsv,1,0.4
require_all,0,0.8
mongodbmodel,1,0.3
mongodb-model,1,0.3
s3-publisher,0,0.8
capistrano-strategy-copy-bundled,0,1.0
pHash,1,0.4
base_convert,1,0.5
linkedlist,1,0.6
hotspots,1,0.6
jawbone,1,0.9
iq_rdf,1,0.0
dejavu,1,0.0
ruby-ntlm,1,0.4
jeremyevans-exception_notification,1,0.8
hpoydar-chronic_duration,0,0.9
on_the_spot,0,0.9
requestor,1,0.9
pinboard,0,0.9
jabbot,0,0.7
ref,0,0.5
spinach,0,0.7
cinch-identify,1,0.7
rails_soft_deletable,0,0.1
fd-bertrpc,1,0.7
options_library,0,0.5
pauldix-feedzirra,0,1.0
pidlock,1,0.0
redis-search,1,0.5
blogr,1,0.5
rubywmq,0,0.8
janus,1,0.2
gmdprev,1,0.5
rack-maintenance,0,1.0
rest-assured,0,1.0
brianmario-yajl-ruby,0,0.9
radix62,1,0.1
rest-core,0,0.9
anyplayer,0,0.6
resque-delayed,0,0.5
paint,0,0.7
elo,0,0.7
dumbwaiter,1,0.1
railhead_memorize,1,0.7
progressive_io,0,0.6
ansible,0,1.0
redis-classy,1,1.0
cpr_adressematch,1,0.0
storcs,1,0.0
stringvalidator,0,0.9
doublecheck,1,0.0
telegraph,0,0.5
rngtng-bounce-email,1,0.1
igrigorik-em-http-request,0,1.0
be9-rubbr,0,0.7
parent_resource,1,0.4
acts_as_aggregate_root,1,0.4
vanntastic-imgur,1,0.1
bfunj,0,1.0
roda,0,0.4
rom,0,1.0
virtus,0,1.0
dynamoid,0,0.7
feedzirra-etag-patch,0,1.0
benaldred-clearance,0,1.0
amplify,1,0.5
knapo-i18n,0,0.9
cotweet-authlogic,0,1.0
namxam-backup,0,1.0
word-salad,1,0.8
jerryvos-acts-as-taggable-on,0,1.0
fluentmigrator,0,1.0
wireframe-rails3_acts_as_paranoid,1,0.6
seaweed,1,0.3
richmeyers-whenever,0,0.9
techthumb-formtastic,0,0.9
mujhs-rack-gridfs,0,0.7
aihs_devise_invitable,0,0.6
jetpack,0,0.6
ghazel-mysql2,0,0.9
refinerycms-search,0,0.8
namxam-devise,0,1.0
kbaum-rchardet,0,0.7
configoro,1,0.0
sheets,0,0.8
smart_titles,0,0.6
prototype-rails,1,0.5
net-dhcp,1,0.3
slope_one,0,0.6
sort_alphabetical,0,0.7
ruby-mpi,0,0.6
agcod,1,0.1
razyk,0,1.0
nokogiri-diff,0,1.0
attachment-san,1,0.1
j,1,0.2
data_migrate,0,1.0
magic_encoding,1,0.1
activerecord-hierarchical_query,0,0.7
oas,1,0.1
block_hash,1,0.1
causes-hydra,1,0.1
jscrambler,0,0.1
honkster-mongo_mapper,0,1.0
phene-backgrounded,0,0.6
ion,0,0.5
dm-hibernate-migrations,0,0.8
square-arel,0,1.0
squishit,0,0.8
moss,0,0.7
rex,0,0.5
railsware-authlogic,0,1.0
wakame-vdc-agents,0,1.0
qu-airbrake,1,0.2
frahugo-s3sync,0,0.8
bitsa,1,0.4
devise-edge,0,0.8
svenaas-will_paginate,0,1.0
rjack-rome,0,0.9
kazjote-searchlogic,1,0.3
diakonos,0,0.8
vim-update-bundles,0,0.2
nuatt-formtastic,0,0.9
ingamer_raws,1,0.5
darkhelmet-sanitize,0,1.0
somezack-feedzirra,0,1.0
jnunemaker-rack-gridfs,0,0.8
numon,0,1.0
ramon-devise,0,1.0
clever-api,0,0.4
pauldix-sax-machine,1,0.5
do_not_want,1,0.1
linux-kstat,1,0.6
autolang,1,0.1
global_uid,0,0.3
configparser,0,0.7
yasuri,0,1.0
dummy_data,0,0.9
libshadow,1,0.0
fizz-buzz,1,0.4
hooker,1,0.5
infinity_test,1,0.2
periscope,0,0.9
shodan,0,1.0
safely,1,0.8
configy,1,0.0
rjack-httpclient-3,0,1.0
hacker_news_search,1,0.8
pingback,1,0.4
placebo,1,0.0
carter,1,0.1
sevenwire-forgery,1,0.9
unageanu-clickclient_scrap,1,0.7
zbxapi,1,0.8
oso,1,0.2
testrocket,1,0.3
tailor,1,0.4
kangaroo,1,0.9
google_visualr,0,0.9
payday,0,1.0
conan,1,0.1
em-hiredis,0,1.0
gis-distance,1,0.3
be_valid_asset,1,0.7
fiscali,0,0.5
xapian-ruby,0,0.8
rollout,0,0.9
growl,1,0.0
traquitana,0,1.0
johnhenry,0,0.8
rake-performance,1,0.1
steenzout-cfg,1,0.6
genesis,1,1.0
melon,1,0.6
google_directions,1,0.1
rprocfs,1,0.1
imgur,1,0.0
git-pulls,0,0.7
ppe-ruby-geonames,0,1.0
final,0,0.3
cinch-lmgtfy,1,0.0
multitenant,0,0.7
added_methods,0,0.7
gyunyu,1,0.9
abanalyzer,1,0.4
voight_kampff,0,1.0
simpleton,0,0.9
famoseagle-carrot,0,0.5
knife-vsphere,0,1.0
m,0,0.7
rest_client,0,0.7
emoji,0,0.5
conduit,0,0.1
boxrubylib,1,0.3
hakon-lacquer,1,0.5
kebapage,1,0.4
solver,0,0.8
border_patrol,1,0.2
mongoid-rspec-mongoid-rc,0,0.9
appcfg,1,0.4
nasl-pedant,0,0.4
hashidator,0,0.8
girl_friday,1,0.4
massive_record,1,0.1
erp_work_effort,0,0.9
pr-zlib,0,0.8
erp_app,0,0.8
ghazel-pacecar,1,0.8
fat_model_auth,0,0.1
erp_invoicing,0,0.8
happy-titles,0,1.0
snuggie,1,0.1
hodel_3000_compliant_logger,0,0.6
frozen-objects,0,0.8
hen,0,1.0
ichverstehe-em-spec,0,0.3
irecorder,1,0.2
ruby_it,1,0.1
assert_difference,1,0.1
o,1,0.6
get_process_mem,0,1.0
winton-externals,1,0.0
ffi-geos,0,0.9
bmabey-email_spec,0,1.0
sparql,0,0.9
eostrom-zvent,1,0.4
sinatra-linkeddata,0,0.7
ssh-config,0,0.7
css_image_embedder,0,0.8
wcfrestcontrib,1,0.7
tricycle-rack-contrib,0,0.9
catwalk,1,0.0
record_with_operator,1,0.2
format_alias,1,0.0
test-unit-capybara,0,0.2
railroady,0,1.0
mustachio,0,0.9
eew_parser,1,0.6
phusion-backup,0,0.8
to_csv-rails,1,0.7
ruby_bosh,1,0.7
proj4rb,1,0.5
stathat,1,0.3
erp_forms,0,0.9
guard-shell,1,0.2
mini_portile,0,0.9
mimer,1,0.1
compass_ae_starter_kit,0,0.8
gem-orphan,1,0.4
gadgeto,1,0.2
active_merchant_first_data,0,1.0
lumberg,0,0.7
ppcommand,1,0.6
pages,1,0.7
espeak-ruby,0,0.5
immutable_struct,0,0.8
mock_redis,0,0.8
tepco_usage_api,0,1.0
to_xls-rails,0,0.6
instapaper,0,0.9
higml,1,0.0
nasldoc,0,0.1
rjson,1,0.0
guard-ronn,0,0.6
mkfifo,1,0.5
firewool,0,0.9
docxedit,0,1.0
cim,1,0.5
shield,1,0.7
herbgobbler,1,0.4
rgeo-shapefile,0,0.9
redis-lock,1,0.1
mongoid_fulltext,0,0.4
spiceweasel,1,0.1
detect_browser_os,1,0.3
rails_tinymce,0,0.9
thin_async,1,0.3
bit-packer,0,1.0
amnesia,0,0.5
i18n-active_record,0,0.9
saxlsx,1,0.0
cobregratis,1,0.6
ar-audit-tracer,1,0.0
barkeep,0,0.4
nokogiri,0,1.0
sinatra,0,0.8
concurrent-ruby,0,0.8
eventmachine,0,1.0
sequel,0,0.9
n8-attr_encrypted,0,1.0
vk,0,0.9
time_tap,1,0.1
agiley-feedzirra,0,1.0
rlua,0,0.1
sinatra-test-helper,0,1.0
ruby-saml-bekk,0,1.0
jruby-rack-worker,0,0.8
nutheory_rack,0,0.7
sax-machine-nokogiri-1.4.4-safe,1,0.5
plain_record,1,0.1
cbaclig-koala,0,1.0
alkesh-ghost,1,0.1
boggle,1,0.0
cdnjs-command,1,1.0
discover-unused-partials,0,0.8
slug-engine,0,1.0
ibm_db,0,1.0
mobile-fu,0,1.0
bigbluebutton_rails,0,0.8
newick-ruby,0,1.0
solaris-kstat,0,0.7
redis-mutex,0,0.9
ampersat,1,0.2
rconfig,1,0.6
rjack-commons-codec,0,1.0
iterm_window,1,0.5
opengl,0,0.9
knife-bluebox,0,0.5
backgrounded,0,1.0
rack-throttle,0,1.0
modularity,1,0.8
rails-brochure,0,1.0
ar_after_transaction,0,0.8
posterous-lacquer,1,0.4
buoy_data,0,0.4
settler,1,0.6
blur,0,1.0
sinatra-redirect-with-flash,1,0.6
ots,0,0.9
faster_require,1,0.5
acts_as_opengraph,0,0.6
reckoner,1,0.1
challonge-api,1,0.6
acts_as_privilege,1,0.5
simple_state_machine,1,0.8
sunflower,1,0.2
powify,0,0.5
wireframe-rpm_contrib,1,0.3
imdb,0,0.9
nickel,1,0.7
linefit,1,0.0
king_tokens,1,0.5
resque-multi-step,0,0.6
acts_as_permission,1,0.5
safe_shell,0,1.0
oa-webmoney,1,0.0
gofer,0,0.9
red_cloth_formatters_plain,0,0.6
dynect_rest,1,0.8
indefinite_article,0,0.8
tabnav,1,0.1
rspec-set,1,0.0
liquidplanner,1,0.5
classiccms,0,1.0
rails-settings-cached,0,0.9
ruby-ip,1,0.3
table-formatter,0,1.0
lcbo,1,0.2
structr,1,0.1
cri,1,0.9
kronic,1,0.9
levenshtein-ffi,1,0.2
exceptionist,1,0.1
chinese_pinyin,0,0.8
rmagick4j,0,1.0
powder,1,0.9
sendregning,1,0.0
retryable_record,1,0.1
faker-medical,1,0.4
bigbluebutton-api-ruby,0,0.9
fitgem,0,1.0
usps,1,0.3
fixer,0,0.5
hypembot,1,0.4
srbovanje,1,0.6
step-up,0,0.8
soulmate,0,0.3
gyoku,0,0.9
rspec-prof,0,0.4
cacho,0,0.5
rmre,1,0.3
nexmo,0,0.8
currency_switcher,1,0.1
leanback,0,0.8
cabalist,0,0.6
convertable_values,0,0.7
conpar,1,0.0
delayed_job_data_mapper_ste,1,0.5
multilog-collector,1,0.3
wrapped,1,0.0
trinidad_dbpool,1,0.3
railway_flower,0,0.5
trinidad_mysql_dbpool_extension,1,0.2
vault,0,0.7
rays,1,0.1
ospfv2,1,0.2
forgery,1,0.9
flip,0,0.8
hornetseye-frame,1,0.2
rake_commit,0,0.6
inifile,1,0.3
phonelib,0,0.7
command-builder,0,0.6
scrapers,0,0.1
rack-cache,0,0.9
hashery,1,0.4
zookeeper,0,0.9
heel,1,0.4
ruby-numtheory,0,1.0
sunspot_submodel_index,1,0.2
zimbra,1,0.2
uea-stemmer,0,0.4
fishman-eventmachine_httpserver,0,0.9
factory_data_preloader,1,0.1
generic_form_builder,1,0.3
logpoop,0,0.5
resourcer,0,0.7
tokens,0,0.9
vertica,0,1.0
rjack-commons-pool,0,1.0
bitcoin,0,0.9
wicked_pdf,0,1.0
spree_editor,0,1.0
pg_helper,0,0.7
high_voltage,0,1.0
snappy,0,0.8
sprite-factory,0,0.7
resque-lock-timeout,0,0.8
elasticsearch,0,0.4
kitco,0,0.8
libwebsocket,0,0.7
rspec-http,1,0.0
exact-target,1,0.0
ssl_routes,1,0.1
rack-facebook,1,0.1
hidlib,0,0.8
activity_stream,1,0.8
lunchy,0,1.0
raptget,1,0.0
merit,0,1.0
rjack-commons-dbutils,0,0.9
zgomot,1,0.9
jakewendt-html_test,1,0.0
gocardless,1,0.9
getclicky,1,0.1
lyb_devise_admin,1,0.2
vidibus-sysinfo,0,0.8
ruby-poker,0,1.0
hasoffers,0,0.5
simhash,1,0.0
archivist,1,0.5
rjack-jets3t,0,0.9
easy-prof,1,0.0
gist,0,1.0
command-t,0,1.0
vidibus-oauth2_server,0,0.9
oci8_simple,0,0.3
send_nsca,0,1.0
slinky,0,0.6
bencode,1,0.7
progressbar,0,0.6
ical2gcal,1,0.1
word_scoop,0,0.5
holiday_jp,0,0.9
cryptopp,0,0.3
fast_xor,0,0.5
role_model,1,0.8
al_papi,1,0.7
fiddle,1,0.3
time-warp,1,0.4
flickr.rb,1,0.1
get_pomo,0,0.2
bible_gateway,0,0.6
websnap,0,0.8
sys-uptime,0,0.9
evergreen,1,0.7
specific_install,0,0.9
my_zipcode_gem,0,0.5
test-belt,0,1.0
gritter,0,0.6
haml-magic-translations,0,1.0
ankusa,0,0.8
plexus,0,0.8
yibs_commission_junction,1,0.4
gvis,1,0.4
rein,1,0.1
bio-blastxmlparser,0,0.9
rain,0,0.7
diffy,0,0.7
digest-whirlpool,0,0.8
dynect4r,0,0.9
browsermob-proxy,1,0.5
rb-fsevent,0,0.6
itunes,0,1.0
ruby-imagespec,0,0.7
pivotal_shell,0,0.9
hangover,0,0.8
respond-js-rails,0,0.1
lardawge-rfm,0,0.8
ragtag,1,0.0
highlander,0,0.4
rubydoop,0,1.0
hoe-yard,0,1.0
tor,0,0.7
acts_as_eav_model,0,0.7
permalink,0,0.6
nu_wav,1,0.6
foreigner-matcher,1,0.1
karl-growl,1,0.3
dao,1,0.6
nori,0,0.9
jruby-poi,1,0.2
gibberish,0,1.0
prawn_shapes,1,0.0
menumatic,0,0.7
sinatra-cross_origin,0,1.0
roundhouse,0,1.0
etsy,0,0.9
nilify_blanks,0,0.9
interface,0,0.6
sshkey,0,0.5
fanny_pack,1,0.0
mini-smtp-server,1,0.3
my_obfuscate,0,0.9
rack-gridfs,0,0.9
hazelcast-jars,1,0.1
vagrant-aws,0,1.0
gitdocs,0,0.8
iconv,0,0.8
gabba,1,0.5
htty,0,0.7
temping,0,0.9
ruby-net-ldap,0,1.0
heroku-environment,0,1.0
tinnef,0,0.8
rgem2rpm,1,0.2
bravo,0,0.6
number_to_fraction,0,0.4
c-exercises,0,0.8
julien51-sax-machine,1,0.4
hallon,1,0.0
tabulous,1,0.9
restclient,0,0.9
json_spec,1,0.8
work_queue,1,0.2
random_ipsum,1,0.5
textpow,1,0.4
sifttter-redux,1,0.1
turnout,0,1.0
glebpom-db-charmer,1,0.3
orientdb,1,0.7
yam,0,1.0
phrasie,0,0.9
ruby-cldr,0,0.9
memoist,0,0.9
amqp-daemon-kit,1,0.9
sunspot-rails-tester,1,0.4
simple_youtube,0,1.0
linkedin-bdigital,0,1.0
rstruct,0,0.5
gd2-ffij,1,0.8
goodwink-pickler,1,0.5
linode-incandescent,0,0.9
jkaneacumen-will_paginate,0,1.0
kamal-ancestry,0,1.0
viva-declarative_authorization,1,0.6
securid,0,0.2
rack-contrib_stringbot,0,0.9
sensu-plugins-sidekiq-moj,0,0.5
utf8,1,1.0
vk-console,1,0.5
trucker,1,0.1
sys-cpu,0,1.0
mime-types,0,0.9
randumb,0,1.0
farsifu,0,0.9
mongo_mapper_tree,1,0.2
pdf-merger,1,0.4
babel_bridge,1,0.0
rails_log_autotruncator,0,0.7
nokorexi,0,1.0
platypus,1,0.4
shortener,0,0.8
ru_propisju,0,0.4
linkeddata,0,0.6
ft2-ruby,0,0.9
i18n_sync,0,0.7
has_money,0,0.4
sexy_scopes,1,0.3
tr8n,1,0.4
to_lang,1,0.8
block64,0,0.9
teamster,1,0.2
attr_required,0,0.3
cef,0,0.6
CoffeeTags,0,0.9
heroku-autoscale,0,1.0
feature_flipper,1,0.3
gretel,1,0.3
flowdock,0,0.8
avataree,0,0.9
acts_as_orderable,0,0.6
vidibus-recording,0,0.8
tld,1,0.2
authlogic_radius,1,0.0
omnifocus-redmine,1,0.0
ofc2,1,0.2
siba,1,0.9
punching_bag,0,0.7
babelyoda,1,0.4
exchanger,0,0.7
ruby_flipper,1,0.2
regexp_parser,0,0.8
opensrs,0,0.7
typekitty,1,0.5
rucy,1,0.1
cupsffi,0,0.7
jekyll-localization,1,0.0
ffruby,1,0.5
smarter_paperclip,0,1.0
custom_errors_handler,0,1.0
bradleypriest-on_the_spot,0,0.9
data_uri,1,0.3
gpd-request,0,1.0
rubyplb,0,1.0
crummy,0,1.0
servdir,1,0.1
skinny,0,1.0
httmultiparty,1,0.3
fluent-plugin-dstat,0,0.6
greenletters,1,0.7
loofah-activerecord,1,0.5
metaclass,1,0.1
hierarchy,1,0.2
midi-jruby,1,0.4
ultraviolet,1,0.8
flickr_party,1,0.2
contest,0,0.7
signature,0,0.7
flare-tools,0,0.6
damerau-levenshtein,0,0.4
man_parser,1,0.6
mysqlplus,0,0.6
guard-jammit,0,0.7
rb-readline,0,1.0
app,1,0.2
thirtythirty,1,0.0
fibonacci,0,0.8
rhodes-translator,0,0.8
7digital,1,0.7
http-log-parser,0,1.0
hackpad-cli,0,0.4
htauth,0,0.5
heroku-resque-auto-scale,1,0.7
gitswitch,0,1.0
autoreload,1,0.5
pdf-forms,0,0.6
flash-message-conductor,1,0.3
little-plugger,0,0.7
monit,0,0.9
jruby-jms,0,1.0
redis-semaphore,0,1.0
minitest-rails,0,0.7
prspec,1,0.0
nas-yahoo_stock,1,0.6
net-tnsping,0,1.0
kch-dominion,0,0.5
bitfields,0,0.7
faraday-manual-cache,1,0.0
logic,1,0.6
ruby_odata,0,0.7
capcake,0,0.6
validates_url_format_of,0,0.7
activerecord-referential_integrity,1,0.0
light_resizer,0,0.3
getsource,1,0.5
spec_run_queue,1,0.2
resque-concurrent-restriction,0,0.8
actionmailer-with-request,1,0.3
tagen,1,0.3
aua-mite,0,1.0
rspec-instafail,0,1.0
to-csv,0,1.0
query_diet,0,0.8
mongoid-paperclip,0,0.7
signed_json,1,0.3
remote_syslog_logger,0,0.7
rambo,1,0.4
skippy-authlogic,0,1.0
ncurses-ruby,0,0.6
sp-squealer,0,0.0
vpim,1,0.7
ppe-georuby,0,1.0
skylinecms,0,0.5
foolabs-delocalize,0,0.9
graffiti,0,0.3
fletcherm-git-deploy,0,0.7
anideo-embedly,1,1.0
elmer-padrino-warden,1,0.3
moneypools-delayed_job,0,1.0
depq,1,0.2
fxrubi,0,0.9
awesome_nested_set_jrmurad,0,1.0
agnostic-will_paginate,0,1.0
bmabey-vagrant,0,0.7
HeSYINUvSBZfxqA-veewee,0,1.0
elmer-will_paginate,0,0.9
iv-phonic,1,0.5
omnibus,0,1.0
bjeanes-capybara,0,1.0
locomotive_carrierwave,0,1.0
revo-paper_trail,0,1.0
openwsman,0,0.7
lovely-rufus,0,0.4
iching,1,0.8
storage_room,1,0.1
dm-visualizer,0,1.0
polyrex-calendar,0,0.4
rainbow,0,1.0
to_spreadsheet,0,0.8
acts-as-messageable,0,0.5
iban-tools,0,0.7
modernizr-rails,1,0.8
kitabu,1,0.6
retryable,0,1.0
youtube_it,1,0.5
switch_user,0,0.9
guard-test,0,0.9
dir-to-xml,0,0.9
dm-is-reflective,0,1.0
omglog,0,0.8
oma,1,0.7
monologue,0,1.0
irt,0,1.0
riot-gear,0,0.5
ro,1,0.2
swung-weave-buildr,0,0.9
knife-windows,0,0.9
datashift,0,1.0
basics,1,0.8
rbbt,1,0.0
rdf-raptor,0,0.8
solrizer,0,0.5
docker-utils,1,0.1
navigator,0,0.6
despamilator,0,0.8
ost,1,0.8
diffbot,1,0.6
amistad,1,0.7
sequel-rails,0,0.9
ruby-treemap,1,0.7
tod,0,0.7
strongbox,1,0.8
connection_pool,0,0.9
grape,0,0.9
twilio-rb,1,0.4
tidy_ffi,1,0.6
rspec_junit_formatter,0,1.0
clickclient_scrap,1,0.9
rbkb,1,0.2
clockwork,0,1.0
trinidad_postgresql_dbpool_extension,1,0.2
ruby-shout,0,0.6
ore,0,0.9
personnummer,1,0.1
ffi-hunspell,0,0.7
text,1,0.7
board-client,1,0.3
bindata,0,0.8
downspout,1,0.0
bbcloud,0,0.9
atech,0,0.8
ghazel-rpm_contrib,1,0.3
rserve-client,1,0.6
appraiser,0,0.6
mailboxer,0,1.0
ruby_speech,0,0.9
polyrex-feed-reader,1,0.4
fpm,0,1.0
timeliness,0,0.8
kindai,0,0.9
phper,1,0.2
torquebox-backstage,1,0.2
active_fulfillment,0,0.3
fssm,0,0.6
backbone-rails,0,0.7
bugzyrb,1,0.1
treetagger-ruby,0,0.8
declarative_authorization,1,0.7
storage,0,1.0
histogram,0,0.8
schema_comments,0,0.8
json-schema,0,0.9
puppet-rundeck,1,0.1
libarchive-ruby-swig,0,1.0
sms_gateway,0,0.8
taskjuggler,0,0.9
flickr_airlift,0,0.5
mongo_mapper-unstable,0,1.0
wirb,1,0.3
property_sets,0,0.7
aggregate,1,0.6
sweetie,0,0.9
fb_video_url_converter,0,0.9
barometer,1,0.8
activerecord-import,0,1.0
mongoid-tree,0,1.0
win32-clipboard,0,0.3
maid,0,1.0
phone_wrangler,1,0.0
tilt,0,0.9
configurable_engine,0,1.0
radiant-page_factory-extension,1,0.7
rspec-subject-extensions,1,0.7
oa-openid,0,1.0
nanoc-cachebuster,0,1.0
rack-olark,0,1.0
babosa,1,0.8
parsley-store,0,0.7
chronic_duration,0,0.9
rails_config,0,0.8
webidl,1,0.6
the_noggin,1,0.5
tts,0,0.6
ken,0,1.0
nanoc-deploy,1,0.1
visionmedia-growl,1,0.1
shout-bot,1,0.2
guia_mais,1,0.5
cascade,1,0.1
em-synchrony,0,1.0
msgpack_rpc_server,0,0.7
nilclass-maildir,1,0.8
breadcrumbs_on_rails,0,0.6
thoth,0,0.9
mask_validator,1,0.3
hikidoc,0,0.6
reckon,0,0.6
rpam-ruby19,1,0.5
wistia-api,1,0.9
mdprev,1,0.3
couch_i18n,0,0.9
simple_postmark,1,0.9
exiv2,0,0.7
bridgeutopia-simple-rss,0,0.5
cities,0,0.6
the_pagination,1,0.5
oracle_ebs_authentication,1,0.2
jumper,0,1.0
vigenere,1,0.2
nested_layouts,1,0.5
fuzzy_file_finder,1,0.1
time_bandits,0,0.9
capybara-mechanize,0,0.6
ruby-mysql,0,1.0
signet,0,0.9
rubypost,0,0.9
yajl-ruby,0,0.6
pru,0,0.9
gepetto,0,0.7
dummy,0,1.0
gem_hadar,0,0.7
gumdrop,1,0.8
delocalize,0,1.0
rails-latex,1,0.7
phidgets,0,0.6
sys-host,1,0.7
wkhtmltopdf-binary,1,0.4
migreazy,1,0.2
pdf_info,0,0.5
number_to_indian_currency,0,1.0
middleman-livereload,0,1.0
rack-rpc,1,0.3
midi-topaz,1,0.4
vast,1,0.2
clouddns,1,0.3
rdf-rdfxml,0,0.4
resort,1,0.7
narray,0,0.7
gem-release,0,0.8
mapkit,1,0.1
mediashelf-loggable,1,0.3
flowdock-git-hook,0,0.6
indy,0,0.7
memcache,0,0.6
sqlite3,0,0.7
twitter-bootstrap-rails,0,1.0
gpgme,0,0.4
musicbrainz,1,0.6
spira,0,0.6
pdf-reader,0,1.0
de,0,0.9
ruby-gmail,1,0.7
acts_as_status_for,1,0.0
devise_rpx_connectable,0,0.7
exifr,0,0.9
tapout,1,0.2
bones-git,0,1.0
petfinder,0,0.9
simple_states,0,0.7
punchblock,0,0.5
useragent_parser,1,0.1
shoulda,0,0.9
sentient_user,0,0.9
oa-basic,0,1.0
trackerific,1,0.5
debitech_soap,1,0.5
nwn-lib,1,0.3
err_supply,0,1.0
in_threads,1,1.0
minitest,0,0.6
google_currency,0,0.8
rjack-async-httpclient,0,0.9
fpm-cookery,0,0.9
routing-filter,0,0.9
ruby-fogbugz,0,0.8
arturo,0,0.9
backbone-on-rails,0,1.0
dragonfly,0,1.0
heroku_san,0,1.0
libusb,0,0.8
elibri_onix_dict,0,0.3
lolita-menu,0,0.3
sneaky-save,1,0.1
rakismet,0,1.0
pathname2,0,0.3
enumerable-lazy,0,0.8
gepub,0,0.8
rmm5t-flickr_fu,0,0.8
ofac,0,0.4
chefspec,0,1.0
serve,0,0.9
rspec-cells,0,0.9
streamio-ffmpeg,0,0.7
geoip,0,0.5
dboard,1,0.2
ruby-duration,0,1.0
polleverywhere,0,0.8
osdb,0,1.0
pinch,0,0.9
elabs_matchers,0,0.2
xml-sitemap,0,0.8
subprocess,1,0.2
paperclip-ffmpeg,1,0.7
yaml_db,0,0.8
visibilityjs,0,0.9
google-api-client,0,1.0
browsercms,1,0.6
applix,1,0.7
hash_accessor,1,0.5
growl-rspec,1,0.1
nestful,0,0.9
tokener,0,0.8
googleajax,1,0.3
guard-rake,1,0.1
sprockets-redirect,0,0.8
twke,1,0.9
slugtastic,0,0.9
mojibake,0,0.2
pry_debug,1,0.3
delayed_job_active_record,0,0.9
trinidad,0,0.6
ruby-nuggets,0,1.0
ruby-units,0,0.9
win32-eventlog,0,0.8
supermarket,1,0.2
deep_merge,0,0.8
twitter_oauth,1,0.0
SlimTest,0,0.5
jshint,0,0.3
rcap,1,0.8
webrobots,0,0.9
namxam-authlogic,0,1.0
bio-ucsc-api,1,0.3
will_paginate-rails3,0,1.0
yetanothernguyen-delayed_job,0,1.0
h13ronim-capybara,0,1.0
pgxn_utils,0,0.8
openlogic-couchrest_model,0,0.9
rdp-mysql2,0,0.9
artemk-cache-money,1,0.5
ghazel-acts-as-taggable-on,0,1.0
mconnell-declarative_authorization,1,0.6
jmx,1,0.0
nunit,0,1.0
dm-core,1,0.9
ramaze,0,1.0
bouncy-castle-java,0,1.0
git-hub,0,0.9
jdbc-mysql,0,1.0
compatriot,0,0.8
doitian-tmuxinator,0,1.0
orend-sax-machine,1,0.6
litmus,0,0.2
externals,1,0.1
kbaum-rails_sequel,1,0.1
humpyard_form,0,0.9
fuzzy-string-match,1,0.7
encryptor,0,1.0
mp4info,0,0.2
em-sequence,0,1.0
validation_scopes,0,0.9
hparser,0,0.9
acts_as_geocodable,0,0.8
rdf-microdata,0,0.8
winrm,0,0.8
fast_trie,0,0.8
multimap,1,0.2
rerun,0,0.8
net-http-server,1,0.1
hudson-remote-api,0,0.4
breadcrumbs,0,0.9
charazard,1,0.2
fast-aes,1,0.4
pericope,0,0.6
file-tail,0,0.7
prowl,0,1.0
hipchat,0,1.0
acts_as_api,0,0.8
cinch-title,1,0.2
geonames,0,0.8
default_value_for,0,1.0
orm_adapter,1,0.3
sushi,0,0.7
unobtrusive_flash,0,0.9
progress_bar,0,1.0
pre-commit,0,0.9
aws_cf_signer,0,0.3
eventmachine_httpserver,0,1.0
serialization_scopes,1,0.5
flutie,1,0.9
sandboxer,0,0.9
slim-rails,0,1.0
union,0,0.6
currency_select,1,0.8
pusher-client,0,0.8
epm,1,0.1
nest,1,0.2
net-proto,0,0.8
gene,0,0.7
dummy-apartment,1,0.3
tabs_on_rails,0,0.7
state_pattern,1,0.3
websocket-rack,1,0.0
jumpstart_auth,0,1.0
filmbuff,0,0.8
validates_lengths_from_database,0,0.8
with_model,0,0.9
equivalent-xml,1,0.5
web_crawler,0,1.0
morsecode,0,1.0
em-file-utils,0,1.0
modelish,1,0.0
postgres-copy,0,0.7
hanna-nouveau,0,0.7
forme,0,0.4
myaso,0,0.6
schema_associations,0,0.7
validators,0,0.8
hookup,0,0.8
bumbler,0,0.8
shortly,0,0.9
appraisal,0,0.7
active_scaffold_sortable_vho,1,0.5
todoist,1,0.3
medieval,0,0.3
aweber,1,0.2
paginate,0,1.0
pg_audit_log,0,0.8
text_parser,0,0.9
clamp,0,0.9
decoration_mail,1,0.3
mediawiki-gateway,0,0.8
nameboy,1,0.3
googl,1,0.8
uppercutbuild,0,0.9
attribute-defaults,1,0.0
rack-google-analytics,1,1.0
parse-cron,0,0.8
rpm_contrib,1,0.3
hashslice,0,1.0
lazy_high_charts,0,1.0
apn_sender,0,0.9
net-ftp-list,0,0.7
rails-web-console,0,0.9
rubyfca,0,0.7
rfc822,1,0.3
ruby-rc4,1,0.6
youtuber,0,0.9
values,0,0.8
ruboty-japan_weather,1,0.1
http_logger,1,0.3
odf-report,0,0.6
valvat,0,0.5
ghazel-geoip,0,0.6
pegarus,1,0.5
middleman-blog,0,1.0
ipscanner,0,0.5
capistrano-gity,1,0.0
carrierwave_backgrounder,0,0.9
ffi-coremidi,0,0.6
rexical,1,0.6
seedbank,1,1.0
bookyt_pos,0,1.0
alchemist,1,0.6
guard-haml,0,0.7
knife-openstack,0,0.7
fluent-plugin-assert,1,0.1
embedly,1,0.8
windows-api,1,0.6
qif,0,0.8
guard-less,0,0.5
guard-rspec,0,1.0
cielo,0,0.6
active_wrapper-solo,1,0.4
crypt-fog,1,0.2
libravatar,0,0.8
giternal,0,0.6
zodiac,1,0.6
crazycode-cap-recipes,1,0.2
tn_pdf,1,0.1
albino,1,0.7
avdt_ldap,1,0.2
em-net-http,1,0.1
data_table,1,0.1
alongslide,0,0.2
hooks,0,0.8
delayed_job_mongoid,0,1.0
binary_search_tree,0,0.6
crowdflower,1,0.2
view_models,1,0.6
Text,1,0.6
spotify,0,1.0
publishing_logic,0,0.5
loops,0,0.7
robot-vim,1,0.4
cachy,1,0.7
fusion,0,0.6
exacttarget,1,0.3
image_size,0,0.6
the_simple_sort,1,0.3
wikibot,0,0.7
git-precommit,1,0.2
gyomu_ruby,0,0.6
cache,0,0.5
deluxe_publisher,0,0.7
dupe,1,0.1
capistrano-dotgpg,1,0.1
lumber,1,0.4
image_suckr,1,0.0
slop,0,0.8
google_url_shortener,0,0.7
rubyc,1,0.2
active_scaffold_vho,1,0.1
backup2s3,0,0.5
oa-more,0,0.9
i18n-js,0,1.0
vidibus-fileinfo,1,0.7
consadole_aggregator,1,0.3
threatexpert,1,0.2
hackerdude-aws,0,0.9
persistize,1,0.1
gauntlet,1,0.1
antlr3,1,0.9
iso-639,0,0.8
stylus,1,1.0
enju_subject,0,0.9
salsa20,0,0.8
active_wrapper,1,0.7
ragweed,1,0.5
journeta,1,0.7
sequel-hive-adapter,0,0.8
guard-spork,1,0.9
translations_sync,1,0.3
refinerycms-copywriting,0,1.0
rack-console,1,0.0
nofxx-georuby,0,0.7
squall,1,0.1
om,0,0.4
kafka-rb,0,0.9
puffer,1,0.2
ytljit,1,0.1
maventhought.commons,1,0.5
spree_advanced_cart,1,0.4
xthreads,1,0.3
mirage,0,1.0
rbvmomi,1,0.7
flickr_fu,0,0.9
sk_sdk,0,0.7
resque-cleaner,0,0.9
mini_fb,0,1.0
http_redirect_test,1,0.0
couchrest_model,0,0.9
metamri,0,0.6
guard-livereload,0,1.0
fastimage_resize,1,0.5
geo_ip,0,1.0
raydash,1,0.3
reevoo,1,0.3
capistrano_database_yml,1,0.4
dragonfly-mogilefs,1,0.2
capsum,0,0.9
ansi,1,0.8
cul-handles,1,0.0
autotest-fsevent,0,0.8
business_days,1,0.0
correios-frete,0,0.9
validations,1,0.3
googledocviewer,1,0.0
postrank-uri,1,0.9
aws-ses,1,0.0
easy_weixin,1,0.0
enumeration,1,0.3
vidibus-resource,0,0.4
rspec2-rails-views-matchers,0,1.0
titleize,0,0.4
prawn-qrcode,1,0.2
phone,0,0.9
mocha,0,1.0
jimmy_jukebox,0,0.4
acts_as_textcaptcha,1,0.8
flag_shih_tzu,0,0.6
adauth,0,0.8
custom_fields,0,1.0
svn2git,1,0.9
tolk,0,1.0
seed-fu,0,1.0
correios-sro,0,0.9
coloration,0,0.8
rdf-json,0,0.6
elk,0,1.0
sequel_postgresql_triggers,0,1.0
af,1,0.8
guard-annotate,0,0.8
milkode,0,0.7
omniauth,0,1.0
postgresql_cursor,0,0.9
scoped_search,0,1.0
dogapi,0,0.7
mongify,0,0.9
rdf-trix,0,1.0
radiant-mailer-extension,1,0.3
etl,1,0.9
honkster-active_hash,0,1.0
intermodal,1,0.6
ghazel-closure-compiler,0,0.9
swarm,0,0.3
rgviz-rails,0,0.1
rubygems-mirror,0,0.8
mysql_rake_tasks,0,1.0
spriter,0,0.6
gem-browse,1,0.4
sched,0,0.8
wasabi,0,0.9
sys-filesystem,0,0.9
httplog,0,0.4
markdown-toolbar,0,0.8
extendmatrix,1,0.1
stevenson,0,0.9
rack-accept,0,0.7
completeness-fu,1,0.2
resque-restriction,0,0.5
als_typograf,0,0.8
tweetstream,0,0.9
pms,0,0.9
writeexcel,0,0.7
activerecord-postgresql-cursors,0,1.0
icu_ratings,0,0.6
slogger,1,0.9
i3-ipc,1,0.1
mongoid_rateable,1,0.8
formatador,1,0.8
recordselect_vho,1,0.5
publishable,1,0.7
vienna,1,0.0
osc-ruby,1,0.7
ticket_sharing,0,0.6
pickler,1,0.2
ruby-nessus,0,0.9
kelp,1,0.3
net-sftp,0,0.6
shout-bot-portertech,1,0.2
rack-backend-api,0,1.0
gem-open,0,1.0
uniquify-uuid,1,0.1
table-for,0,0.7
s3sync,0,0.9
unified_diff,1,0.0
fancy_irb,0,0.7
ghost,1,0.2
authlogic_crowd,1,0.0
microformats2,0,0.2
gem-licenses,0,0.4
CacheBar,0,0.7
fancybox-rails,0,0.9
rego-ruby-ext,0,1.0
rawler,1,0.9
carrot,0,0.7
pg_search_scope,1,0.0
mixable_engines,1,0.0
plupload-rails,0,0.7
openurl,1,0.0
show_for,0,0.9
scrivener,0,0.6
therubyrhino,0,0.7
ultraviolet1x,1,0.3
omniauth-flickr,0,0.5
requests_counter,0,1.0
transmuter,1,0.0
weakling,1,0.1
i18n_generators,0,1.0
cloudq_client,1,0.0
jquery-datatables-rails,0,1.0
activeuuid,0,1.0
urban,0,0.4
uber-s3,1,0.3
schematic,1,0.3
tiny_site,1,0.1
stock_quote,0,1.0
rumonade,0,0.8
acts_as_unvlogable,0,0.9
s3cp,0,0.8
verilog_rename,1,0.6
fresh_connection,0,0.5
simple_auth,0,0.8
moob,0,0.7
certified,1,0.3
fake_gem_push,0,0.4
waitfor,1,0.2
retort,1,0.8
capper,1,0.1
machined,1,0.6
kss,0,1.0
lolita-translation,1,0.0
rjb,0,0.8
oracle_raw,1,0.0
fullcontact,0,0.4
stringex,0,1.0
recurrence,0,0.7
ferret,0,0.8
murmur-rpc,0,0.9
rack-cerberus,0,1.0
tvdb_party,1,0.4
acts_as_sweepable,0,0.8
backupit,0,0.5
choice,1,1.0
split-analytics,0,0.7
diff_parser,1,0.1
pivotal_to_pdf,1,0.7
seedling,0,0.5
devise_security_extension,0,1.0
uuid,0,0.9
daemons,0,0.8
less-rails,0,1.0
migration_tools,0,0.8
mailmanager,1,0.2
csswaxer,1,0.5
bcdatabase,1,0.0
polyrex-createobject,0,0.7
jpegtran,0,0.8
rack-restful_submit,0,0.8
thrift_client,1,0.6
file-temp,0,0.9
rsdl,1,0.4
CFPropertyList,0,0.8
brcep,0,0.9
archive-tar-external,0,0.9
sshkeyauth,1,0.2
caramelize,1,0.7
enumerated_field,1,0.3
rubymisc,1,0.2
tor-privoxy,0,0.4
blocks,0,0.8
right_scraper,0,0.9
untappd,1,0.2
memcached_store,0,0.3
bitmask_attributes,0,0.6
docomo_css,1,0.6
mongoid_slug,0,1.0
lcclasses,0,0.9
colorize,1,0.8
mysql,1,0.8
postmark,0,0.9
sec_query,1,1.0
mizuno,0,0.9
diamond,1,0.3
jared,1,0.2
graphael-rails,1,0.0
certificate_authority,0,0.7
docdiff,0,1.0
ios-checkboxes,1,0.5
simple_roles,1,0.2
capistrano-drupal,0,0.0
em-proxy,0,1.0
ostatus,1,0.1
ruby-ogg,1,0.5
fbgraph,1,0.6
fred,0,1.0
glog,0,1.0
deactivatable,1,0.0
rake-builder,0,0.7
mingo,0,1.0
twitter-stream,1,0.4
aws-ses-rails31,1,0.3
net-http-uploadprogress,1,0.7
guard-resque,1,0.7
yui-rails,0,1.0
cameleon,0,0.9
devise-mongo_mapper,1,0.4
progress,0,0.6
zombie_passenger_killer,1,0.1
hearken,1,0.0
hit_counter,0,0.8
jekyll-rendering,1,0.0
bard_static,1,0.6
scala-library-jars,0,0.4
linode,0,0.6
ptools,0,0.7
ruby-smpp,1,0.7
natto,0,0.8
rdf-sesame,0,0.8
i18n_plus,0,1.0
tagtical,1,0.7
yieldmanager,0,1.0
paypal_adaptive,0,1.0
akka-actor-jars,0,0.5
ey_services_api,0,0.3
adyen,0,0.5
guard-ctags-bundler,0,0.9
number_to_words_ru,0,0.7
numbers_in_words,0,0.9
psyho_juicer,1,0.1
optimus-ep,0,0.7
payone_connect,1,0.6
midilib,0,0.8
proc-wait3,0,1.0
rsec,0,0.9
httpclient,0,0.9
enchant,0,0.8
em-ssh,1,0.2
geos-extensions,0,1.0
sinatra-assetpack,0,1.0
apotomo,0,0.8
alsa-rawmidi,1,0.1
split-export,0,0.6
metamagic,1,0.9
opt-simple,1,0.7
stamp,1,0.8
erroneous,1,0.5
adamtanner,1,0.2
trisulrp,0,0.5
simplificator-withings,1,0.2
money_persistent_bank,0,1.0
rdoc_osx_dictionary,1,0.3
gon,0,1.0
sinatra-namespace,0,1.0
sham_rack,0,1.0
taza,0,0.9
bitcoin-client,1,0.3
soywiki,0,1.0
htmlentities,0,0.9
manticore,0,0.5
crack,0,1.0
metar-parser,0,0.9
socksify,0,0.9
win32-sound,1,0.0
moneta,0,0.9
grim,1,0.1
daemon-kit,1,0.4
ruby-readability,1,1.0
ox,0,0.8
msgpack-rpc,0,0.4
pry-remote,1,0.9
resque-retry,0,1.0
dbi-dbrc,0,0.7
capistrano-mysqldump,1,0.9
water,0,1.0
xcoder,1,0.5
recipiez,0,0.9
sugarfree-config,1,0.0
confit,0,1.0
rspec_sequel_matchers,0,0.5
rails-backbone,0,1.0
gimli,0,1.0
redpear,0,0.5
ssh-key-sync-man,0,0.8
rack-test,0,0.6
biggs,0,0.7
columnize,1,0.2
zencoder,1,0.4
continued_fractions,1,0.7
spree_product_assembly,0,1.0
swt,1,0.0
replicate,1,0.2
ruby-saml-for-portal,0,0.9
glennr-pickler,1,0.3
right-popen,0,0.2
gotime-postgis_adapter,0,0.9
object-let,0,0.4
ppe-postgis-adapter,0,0.9
rails3_acts_as_paranoid_create,1,0.7
expertiza-authlogic,0,1.0
gdbm,0,0.8
rails-backbone-sp,0,1.0
jello,0,0.4
rdp-rautomation,1,0.5
activewarehouse-etl-sgonyea,1,0.9
rudil,1,0.7
rspec-steps,0,0.9
sciruby,0,0.8
benchmeth,1,0.0
photostat,0,1.0
paypal_nvp,0,0.4
ghi,0,1.0
preamble,1,0.3
blobject,0,0.9
haversine_distance,1,0.2
test_xml,1,0.3
wdd-ruby-ext,1,0.8
gems,1,0.9
ie_iframe_cookies,1,0.5
foursquare2,1,1.0
contact_us,0,0.9
jsonpath,0,1.0
capybara-screenshot,0,1.0
passmakr,1,0.3
rgeo,0,0.7
mate,1,0.4
google_books,1,0.1
uri-query_params,0,1.0
jira4r,0,0.7
i2cssh,0,0.7
cucumber_factory,0,0.8
quickbase_client,0,0.3
reve,0,0.9
rack-jekyll,0,1.0
acts_as_sane_tree,1,0.6
pagseguro,0,1.0
attr_encrypted,0,0.8
jquery_mobile_rails,1,0.2
rdf-turtle,0,0.6
hitch,0,0.9
excellent,0,1.0
frappuccino,0,0.4
ruco,0,0.9
bane,1,0.9
vimeo,0,1.0
basic_assumption,0,0.9
opsview_rest,0,0.3
win32-mutex,0,0.4
micromidi,1,0.7
cycr,0,0.7
rumember,0,0.7
wkhtmltopdf-heroku,0,1.0
devise-neo4j,0,0.6
supermodel,1,0.4
jasper-rails,1,0.2
trinidad_init_services,1,0.8
imap_processor,1,0.5
coerce,0,0.7
rack-ssl-enforcer,0,0.9
rim,0,0.8
ratelimit,1,0.4
launchy,0,0.8
validator_attachment,0,1.0
gupshup,1,0.0
sapoci,0,0.7
drip,0,0.9
fedex,0,1.0
iis-access-log-parser,1,0.0
delicious-cli,1,0.6
fluent-plugin-scribe,1,0.7
sinatra-backbone,1,0.0
almodovar,0,0.5
harukaze,0,0.1
auto_html,0,0.9
apod,0,1.0
stonewall,1,0.0
thor_plus,0,0.4
jgrep,0,1.0
rockhands,1,0.0
exchange,0,0.8
rally_api,0,0.9
omniauth-ldap,0,0.6
solve,0,0.7
youtube_search,1,0.6
mail_safe,1,0.4
linkedin-saimonmoore,0,1.0
canard,1,1.0
rpeg-multimarkdown,1,0.3
rubyvis,1,1.0
timetoday,1,0.6
trollscript,0,0.8
namecheap,1,0.8
serialport,1,0.3
guard-process,1,0.4
lonelyelk-gphoto4ruby,1,0.1
zvent,1,0.1
dcell,0,0.9
em_aws,0,0.5
premailer-rails3,0,0.9
clucumber,1,0.7
custom-twitter-bootstrap-rails,0,1.0
cramp,1,0.3
sprockets-helpers,0,1.0
jpzwarte-activerecord-jdbc-adapter,0,1.0
parseconfig,0,0.9
pivot_table,0,0.5
dindi,0,1.0
api_cache,0,0.4
cloudfront-signer,1,0.2
on_irc,0,1.0
rstrip,0,0.9
capistrano-multiconfig,0,0.6
jnunemaker-crack,0,1.0
capistrano-gitflow,0,1.0
six,0,0.8
esp-commons,0,0.6
twine,0,1.0
rubylog,0,0.9
pa,1,0.7
session,1,0.5
spork,1,0.8
resque_unit,0,0.7
crispy-grid,0,0.8
active_hash,0,0.9
aebus,0,0.9
hostconnect,0,0.6
annotate,0,0.9
highlight,0,0.8
engtagger,0,0.4
traveller,1,0.2
toodledo,0,0.7
rack-legacy,1,1.0
gmaps4rails,0,1.0
lacquer,1,0.5
doc_raptor,0,0.5
mail_form,0,1.0
matthuhiggins-foreigner,0,1.0
dm-is-list,1,0.6
yard-cucumber,0,0.8
git-media,1,0.6
jquery-ui-themes,0,1.0
ruby_micro_benchmarks,1,0.8
jobviter,1,0.0
em-redis,1,0.6
moxy,0,0.6
hiera-gpg,0,0.7
money-open-exchange-rates,0,1.0
cassiopee,0,0.3
nbrb_currency,1,0.0
sensu-dashboard,1,0.7
clamsy,0,0.9
unf,1,0.2
comscore_ruby,1,0.1
redlander,1,0.4
qu-exceptional,1,0.1
qu-redis,1,0.1
source-tools,1,0.1
fluent-plugin-growl,0,0.7
qu,1,0.2
mimemagic,0,1.0
grosser-fast_gettext,0,0.6
ballou_sms_gateway,1,0.0
crypt-rot13,0,0.9
highcharts-rails,0,1.0
miniskirt,0,0.8
test_notifier,1,0.1
magicmonkey,1,0.0
ruby_danfe,0,0.9
activity_feed,1,0.9
cucumberator,1,0.1
haml_coffee_assets,0,0.5
upmark,0,0.6
favicon_maker,0,0.8
em-winrm,0,0.9
enum_column3,1,0.2
leftronicapi,1,0.0
omniauth-vkontakte,0,1.0
gemline,0,0.5
CatchNotes_api,1,0.2
guard-spinach,1,0.6
s3,0,1.0
copyscape,0,0.6
cups,0,0.6
lolita-i18n,0,0.8
ingreedy,0,0.9
rails-footnotes-linux,0,1.0
syslogger,0,1.0
ci_reporter,0,1.0
mongoid-simple-tags,0,0.8
rubycron,0,0.7
n8-heroku-autoscale,0,0.7
run_keeper,0,0.4
em-spec,0,0.6
waj-ruby-llvm,1,0.6
couchbase,0,0.8
r2,0,0.5
acts_as_paranoid,0,0.8
dropcaster,0,1.0
meta-tags,0,0.8
coreaudio,0,1.0
anodator,0,0.8
omniauth-github,1,0.8
etherpad-lite,1,0.0
rack-neverlocal,0,0.7
readingtime,0,0.6
attempt,0,1.0
manifest-destiny,0,1.0
gatling_gun,1,0.2
simple-rss,0,0.8
dwc-archive,0,0.9
watch-paths,0,0.7
rack-cors,0,0.9
fattr,0,0.8
minitest-debugger,1,0.3
dbi,0,0.7
action_links,1,0.1
bio-dbla-classifier,1,0.6
acts_as_solr_reloaded,0,0.6
chatterbot,0,0.9
gibbon,0,0.9
acts_as_tenant,0,1.0
mixlib-config,0,0.7
mtgox,1,0.5
datamappify,1,0.5
panoramic,0,1.0
simple_show,1,0.1
crunchbase,1,0.5
bouncer,1,0.0
rack_csrf,0,1.0
rforce,1,0.9
soundcheck,1,0.1
kete_gets_trollied,1,0.0
xot,1,0.1
datasift,0,0.7
range_math,1,0.4
offline,0,0.7
yardstick,0,0.9
beaver,0,0.8
sitemap_generator,0,0.7
wraptext,1,0.3
confluence-client,1,0.0
em-eventsource,0,1.0
silk_icons,1,0.1
abak-flow,1,0.8
surus,0,0.8
migrant,0,0.9
activerecord-connections,0,0.8
nimbus,0,0.8
oldtime,0,0.0
rconomic,0,1.0
rack-canonical-host,0,1.0
